type,title,year
movie,Bedford Park,2026
movie,Carousel,2026
movie,The Friend’s House is Here,2026
movie,"Ha-Chan, Shake Your Booty!",2026
movie,Hot Water,2026
movie,Josephine,2026
movie,The Musical,2026
movie,Run Amok,2026
movie,Take Me Home,2026
movie,Union County,2026
movie,American Doctor,2026
movie,American Pachuco: The Legend of Luis Valdez,2026
movie,Barbara Forever,2026
movie,Joybubbles,2026
movie,The Lake,2026
movie,Nuisance Bear,2026
movie,Public Access,2026
movie,Seized,2026
movie,Soul Patrol,2026
movie,Who Killed Alex Odeh?,2026
movie,Big Girls Don’t Cry,2026
movie,How to Divorce During the War,2026
movie,Extra Geography,2026
movie,Filipiñana,2026
movie,HOLD ONTO ME,2026
movie,The Huntress,2026
movie,LADY,2026
movie,Levitating,2026
movie,Shame and Money,2026
movie,Tell Me Everything,2026
movie,All About the Money,2026
movie,Birds of War,2026
movie,Closure,2026
movie,Everybody To Kenmure Street,2026
movie,Hanging by a Wire,2026
movie,Kikuyu Land,2026
movie,One In A Million,2026
movie,Sentient,2026
movie,Silenced,2026
movie,To Hold a Mountain,2026
movie,Aanikoobijigan,2026
movie,BURN,2026
movie,Ghost in the Machine,2026
movie,If I Go Will They Miss Me,2026
movie,The Incomer,2026
movie,Jaripeo,2026
movie,Night Nurse,2026
movie,TheyDream,2026
movie,zi,2026
movie,The AI Doc: Or How I Became an Apocaloptimist,2026
movie,Antiheroine,2026
movie,The Brittney Griner Story,2026
movie,Chasing Summer,2026
movie,THE DISCIPLE,2026
movie,Frank & Louis,2026
movie,Gail Daughtry and the Celebrity Sex Pass,2026
movie,The Gallerist,2026
movie,Give Me the Ball!,2026
movie,The History of Concrete,2026
movie,I Want Your Sex,2026
movie,In The Blink of An Eye,2026
movie,The Invite,2026
movie,Jane Elliott Against the World,2026
movie,Knife: The Attempted Murder of Salman Rushdie,2026
movie,The Last First: Winter K2,2026
movie,The Moment,2026
movie,The Oldest Person in the World,2026
movie,Once Upon A Time In Harlem,2026
movie,The Only Living Pickpocket in New York,2026
movie,Paralyzed by Hope: The Maria Bamford Story,2026
movie,Queen of Chess,2026
movie,See You When I See You,2026
movie,The Shitheads,2026
movie,Time and Water,2026
movie,Troublemaker,2026
movie,The Weight,2026
movie,When A Witness Recants,2026
movie,Wicker,2026
movie,The Best Summer,2026
movie,Buddy,2026
movie,Leviticus,2026
movie,"Mum, I’m Alien Pregnant",2026
movie,Rock Springs,2026
movie,Saccharine,2026
movie,undertone,2026
movie,Broken English,2026
movie,Tuner,2026
movie,Cookie Queens,2026
movie,Fing!,2026
movie,The Story of Documentary Film,2026
