title,year,trakt_id
I Love Boosters,2026,
Mike & Nick & Nick & Alice,2026,
Over Your Dead Body,2026,
Pretty Lethal,2026,
Ready or Not 2: Here I Come,2026,
They Will Kill You,2026,
Brian,2026,
Edie Arnold is a Loser,2026,
Mallory's Ghost,2026,
Seahorse,2026,
Sender,2026,
The Snake,2026,
Wishful Thinking,2026,
The Ascent,2026,
The Last Critic,2026,
The Life We Leave,2026,
My NDA,2026,
Phoenix Jones: The Rise and Fall of a Real Life Superhero,2026,
Stormbound,2026,
Summer 2000: The X-Cetra Story,2026,
#WhileBlack,2026,
Anima,2026,
Basic,2026,
Campeón Gabacho,2026,
Chili Finger,2026,
Crash Land,2026,
Dead Deer High,2026,
Downbeat,2026,
DreamQuil,2026,
Family Movie,2026,
Forbidden Fruits,2026,
He Bled Neon,2026,
Kill Me,2026,
Love Language,2026,
MAM,2026,
Normal,2026,
Pizza Movie,2026,
Poetic License,2026,
Power Ballad,2026,
A Safe Distance,2026,
Same Same But Different,2026,
See You When I See You,2026,
Sparks,2026,
The Sun Never Sets,2026,
Their Town,2026,
Ugly Cry,2026,
Adam's Apple,2026,
Amazing Live Sea Monkeys,2026,
Black Zombie,2026,
My Brother's Killer,2026,
Capturing Bigfoot,2026,
Ceremony,2026,
Cornbread Mafia,2026,
The Dads,2026,
Drift,2026,
First They Came for My College,2026,
I Got Bombed at Harvey's,2026,
Manhood,2026,
One Another,2026,
Serling,2026,
Summer of '94,2026,
#Skyking,2026,
The Truth and Tragedy of Moriah Wilson,2026,
The Way We Move,2026,
Your Attention Please,2026,
American Dollhouse,2026,
Drag,2026,
Fifteen,2026,
Grind,2026,
Hokum,2026,
Imposters,2026,
Monitor,2026,
Never After Dark,2026,
And Her Body Was Never Found,2026,
Bagworm,2026,
Beyond The Duplex Planet,2026,
Daughters of the Forest,2026,
Dead Eyes,2026,
Perfect,2026,
The Peril at Pincer Point,2026,
Sinner Supper Club,2026,
Agridulce,2026,
A Cowboy in London,2026,
Jack Johnson: SURFILMUSIC,2026,
Lainey Wilson: Keepin' Country Cool,2026,
Los Lobos Native Sons,2026,
The Man with the Big Hat,2026,
Noah Kahan: Out of Body,2026,
The Rise of the Red Hot Chili Peppers: Our Brother Hillel,2026,
Stages,2026,
We Are The Shaggs,2026,
Apolo,2026,
Do You Love Me,2026,
Mickey,2026,
Scarlet Girls,2026,
Thanks for Nothing,2026,
American Doctor,2026,
Big Girls Don't Cry,2026,
Buddy,2026,
Chasing Summer,2026,
Cookie Queens,2026,
Joybubbles,2026,
Leviticus,2026,
Obsession,2026,
The Oldest Person in the World,2026,
Paralyzed by Hope: The Maria Bamford Story,2026,
Rock Springs,2026,
The Shitheads,2026,
Time and Water,2026,
Margo's Got Money Troubles,2026,
